-- MySQL dump 10.10
--
-- Host: localhost    Database: jeesite
-- ------------------------------------------------------
-- Server version	5.0.22-community-nt

/*!40101 SET @OLD_CHARACTER_SET_CLIENT=@@CHARACTER_SET_CLIENT */;
/*!40101 SET @OLD_CHARACTER_SET_RESULTS=@@CHARACTER_SET_RESULTS */;
/*!40101 SET @OLD_COLLATION_CONNECTION=@@COLLATION_CONNECTION */;
/*!40101 SET NAMES utf8 */;
/*!40103 SET @OLD_TIME_ZONE=@@TIME_ZONE */;
/*!40103 SET TIME_ZONE='+00:00' */;
/*!40014 SET @OLD_UNIQUE_CHECKS=@@UNIQUE_CHECKS, UNIQUE_CHECKS=0 */;
/*!40014 SET @OLD_FOREIGN_KEY_CHECKS=@@FOREIGN_KEY_CHECKS, FOREIGN_KEY_CHECKS=0 */;
/*!40101 SET @OLD_SQL_MODE=@@SQL_MODE, SQL_MODE='NO_AUTO_VALUE_ON_ZERO' */;
/*!40111 SET @OLD_SQL_NOTES=@@SQL_NOTES, SQL_NOTES=0 */;

--
-- Table structure for table `sys_dict`
--

DROP TABLE IF EXISTS `sys_dict`;
CREATE TABLE `sys_dict` (
  `id` varchar(64) NOT NULL COMMENT '编号',
  `label` varchar(100) NOT NULL COMMENT '标签名',
  `value` varchar(100) NOT NULL COMMENT '数据值',
  `type` varchar(100) NOT NULL COMMENT '类型',
  `description` varchar(100) NOT NULL COMMENT '描述',
  `sort` int(11) NOT NULL COMMENT '排序（升序）',
  `create_by` varchar(64) default NULL COMMENT '创建者',
  `create_date` datetime default NULL COMMENT '创建时间',
  `update_by` varchar(64) default NULL COMMENT '更新者',
  `update_date` datetime default NULL COMMENT '更新时间',
  `remarks` varchar(255) default NULL COMMENT '备注信息',
  `del_flag` char(1) NOT NULL default '0' COMMENT '删除标记',
  PRIMARY KEY  (`id`),
  KEY `sys_dict_value` (`value`),
  KEY `sys_dict_label` (`label`),
  KEY `sys_dict_del_flag` (`del_flag`)
) ENGINE=InnoDB DEFAULT CHARSET=utf8 COMMENT='字典表';

--
-- Dumping data for table `sys_dict`
--


/*!40000 ALTER TABLE `sys_dict` DISABLE KEYS */;
LOCK TABLES `sys_dict` WRITE;
INSERT INTO `sys_dict` VALUES ('1','正常','0','del_flag','删除标记',10,'1','2013-05-27 08:00:00','1','2013-05-27 08:00:00',NULL,'0'),('10','黄色','yellow','color','颜色值',40,'1','2013-05-27 08:00:00','1','2013-05-27 08:00:00',NULL,'0'),('11','橙色','orange','color','颜色值',50,'1','2013-05-27 08:00:00','1','2013-05-27 08:00:00',NULL,'0'),('12','默认主题','default','theme','主题方案',10,'1','2013-05-27 08:00:00','1','2013-05-27 08:00:00',NULL,'0'),('13','天蓝主题','cerulean','theme','主题方案',20,'1','2013-05-27 08:00:00','1','2013-05-27 08:00:00',NULL,'0'),('14','橙色主题','readable','theme','主题方案',30,'1','2013-05-27 08:00:00','1','2013-05-27 08:00:00',NULL,'0'),('15','红色主题','united','theme','主题方案',40,'1','2013-05-27 08:00:00','1','2013-05-27 08:00:00',NULL,'0'),('16','Flat主题','flat','theme','主题方案',60,'1','2013-05-27 08:00:00','1','2013-05-27 08:00:00',NULL,'0'),('17','国家','1','sys_area_type','区域类型',10,'1','2013-05-27 08:00:00','1','2013-05-27 08:00:00',NULL,'0'),('18','省份、直辖市','2','sys_area_type','区域类型',20,'1','2013-05-27 08:00:00','1','2013-05-27 08:00:00',NULL,'0'),('19','地市','3','sys_area_type','区域类型',30,'1','2013-05-27 08:00:00','1','2013-05-27 08:00:00',NULL,'0'),('2','删除','1','del_flag','删除标记',20,'1','2013-05-27 08:00:00','1','2013-05-27 08:00:00',NULL,'0'),('20','区县','4','sys_area_type','区域类型',40,'1','2013-05-27 08:00:00','1','2013-05-27 08:00:00',NULL,'0'),('21','公司','1','sys_office_type','机构类型',60,'1','2013-05-27 08:00:00','1','2013-05-27 08:00:00',NULL,'0'),('22','部门','2','sys_office_type','机构类型',70,'1','2013-05-27 08:00:00','1','2013-05-27 08:00:00',NULL,'0'),('23','一级','1','sys_office_grade','机构等级',10,'1','2013-05-27 08:00:00','1','2013-05-27 08:00:00',NULL,'0'),('24','二级','2','sys_office_grade','机构等级',20,'1','2013-05-27 08:00:00','1','2013-05-27 08:00:00',NULL,'0'),('25','三级','3','sys_office_grade','机构等级',30,'1','2013-05-27 08:00:00','1','2013-05-27 08:00:00',NULL,'0'),('26','四级','4','sys_office_grade','机构等级',40,'1','2013-05-27 08:00:00','1','2013-05-27 08:00:00',NULL,'0'),('27','所有数据','1','sys_data_scope','数据范围',10,'1','2013-05-27 08:00:00','1','2013-05-27 08:00:00',NULL,'0'),('28','所在公司及以下数据','2','sys_data_scope','数据范围',20,'1','2013-05-27 08:00:00','1','2013-05-27 08:00:00',NULL,'0'),('29','所在公司数据','3','sys_data_scope','数据范围',30,'1','2013-05-27 08:00:00','1','2013-05-27 08:00:00',NULL,'0'),('3','显示','1','show_hide','显示/隐藏',10,'1','2013-05-27 08:00:00','1','2013-05-27 08:00:00',NULL,'0'),('30','所在部门及以下数据','4','sys_data_scope','数据范围',40,'1','2013-05-27 08:00:00','1','2013-05-27 08:00:00',NULL,'0'),('31','所在部门数据','5','sys_data_scope','数据范围',50,'1','2013-05-27 08:00:00','1','2013-05-27 08:00:00',NULL,'0'),('32','仅本人数据','8','sys_data_scope','数据范围',90,'1','2013-05-27 08:00:00','1','2013-05-27 08:00:00',NULL,'0'),('33','按明细设置','9','sys_data_scope','数据范围',100,'1','2013-05-27 08:00:00','1','2013-05-27 08:00:00',NULL,'0'),('34','系统管理','1','sys_user_type','用户类型',10,'1','2013-05-27 08:00:00','1','2013-05-27 08:00:00',NULL,'0'),('35','部门经理','2','sys_user_type','用户类型',20,'1','2013-05-27 08:00:00','1','2013-05-27 08:00:00',NULL,'0'),('36','普通用户','3','sys_user_type','用户类型',30,'1','2013-05-27 08:00:00','1','2013-05-27 08:00:00',NULL,'0'),('37','基础主题','basic','cms_theme','站点主题',10,'1','2013-05-27 08:00:00','1','2013-05-27 08:00:00',NULL,'0'),('38','蓝色主题','blue','cms_theme','站点主题',20,'1','2013-05-27 08:00:00','1','2013-05-27 08:00:00',NULL,'1'),('39','红色主题','red','cms_theme','站点主题',30,'1','2013-05-27 08:00:00','1','2013-05-27 08:00:00',NULL,'1'),('4','隐藏','0','show_hide','显示/隐藏',20,'1','2013-05-27 08:00:00','1','2013-05-27 08:00:00',NULL,'0'),('40','文章模型','article','cms_module','栏目模型',10,'1','2013-05-27 08:00:00','1','2013-05-27 08:00:00',NULL,'0'),('41','图片模型','picture','cms_module','栏目模型',20,'1','2013-05-27 08:00:00','1','2013-05-27 08:00:00',NULL,'1'),('42','下载模型','download','cms_module','栏目模型',30,'1','2013-05-27 08:00:00','1','2013-05-27 08:00:00',NULL,'1'),('43','链接模型','link','cms_module','栏目模型',40,'1','2013-05-27 08:00:00','1','2013-05-27 08:00:00',NULL,'0'),('44','专题模型','special','cms_module','栏目模型',50,'1','2013-05-27 08:00:00','1','2013-05-27 08:00:00',NULL,'1'),('45','默认展现方式','0','cms_show_modes','展现方式',10,'1','2013-05-27 08:00:00','1','2013-05-27 08:00:00',NULL,'0'),('46','首栏目内容列表','1','cms_show_modes','展现方式',20,'1','2013-05-27 08:00:00','1','2013-05-27 08:00:00',NULL,'0'),('47','栏目第一条内容','2','cms_show_modes','展现方式',30,'1','2013-05-27 08:00:00','1','2013-05-27 08:00:00',NULL,'0'),('48','发布','0','cms_del_flag','内容状态',10,'1','2013-05-27 08:00:00','1','2013-05-27 08:00:00',NULL,'0'),('49','删除','1','cms_del_flag','内容状态',20,'1','2013-05-27 08:00:00','1','2013-05-27 08:00:00',NULL,'0'),('5','是','1','yes_no','是/否',10,'1','2013-05-27 08:00:00','1','2013-05-27 08:00:00',NULL,'0'),('50','审核','2','cms_del_flag','内容状态',15,'1','2013-05-27 08:00:00','1','2013-05-27 08:00:00',NULL,'0'),('51','首页焦点图','1','cms_posid','推荐位',10,'1','2013-05-27 08:00:00','1','2013-05-27 08:00:00',NULL,'0'),('52','栏目页文章推荐','2','cms_posid','推荐位',20,'1','2013-05-27 08:00:00','1','2013-05-27 08:00:00',NULL,'0'),('53','咨询','1','cms_guestbook','留言板分类',10,'1','2013-05-27 08:00:00','1','2013-05-27 08:00:00',NULL,'0'),('54','建议','2','cms_guestbook','留言板分类',20,'1','2013-05-27 08:00:00','1','2013-05-27 08:00:00',NULL,'0'),('55','投诉','3','cms_guestbook','留言板分类',30,'1','2013-05-27 08:00:00','1','2013-05-27 08:00:00',NULL,'0'),('56','其它','4','cms_guestbook','留言板分类',40,'1','2013-05-27 08:00:00','1','2013-05-27 08:00:00',NULL,'0'),('57','公休','1','oa_leave_type','请假类型',10,'1','2013-05-27 08:00:00','1','2013-05-27 08:00:00',NULL,'0'),('58','病假','2','oa_leave_type','请假类型',20,'1','2013-05-27 08:00:00','1','2013-05-27 08:00:00',NULL,'0'),('59','事假','3','oa_leave_type','请假类型',30,'1','2013-05-27 08:00:00','1','2013-05-27 08:00:00',NULL,'0'),('6','否','0','yes_no','是/否',20,'1','2013-05-27 08:00:00','1','2013-05-27 08:00:00',NULL,'0'),('60','调休','4','oa_leave_type','请假类型',40,'1','2013-05-27 08:00:00','1','2013-05-27 08:00:00',NULL,'0'),('61','婚假','5','oa_leave_type','请假类型',60,'1','2013-05-27 08:00:00','1','2013-05-27 08:00:00',NULL,'0'),('62','接入日志','1','sys_log_type','日志类型',30,'1','2013-06-03 08:00:00','1','2013-06-03 08:00:00',NULL,'0'),('63','异常日志','2','sys_log_type','日志类型',40,'1','2013-06-03 08:00:00','1','2013-06-03 08:00:00',NULL,'0'),('64','单表增删改查','single','prj_template_type','代码模板',10,'1','2013-06-03 08:00:00','1','2013-06-03 08:00:00',NULL,'0'),('65','所有entity和dao','entityAndDao','prj_template_type','代码模板',20,'1','2013-06-03 08:00:00','1','2013-06-03 08:00:00',NULL,'0'),('7','红色','red','color','颜色值',10,'1','2013-05-27 08:00:00','1','2013-05-27 08:00:00',NULL,'0'),('8','绿色','green','color','颜色值',20,'1','2013-05-27 08:00:00','1','2013-05-27 08:00:00',NULL,'0'),('9','蓝色','blue','color','颜色值',30,'1','2013-05-27 08:00:00','1','2013-05-27 08:00:00',NULL,'0'),('ca569cb3503c4ddd829efd44d98b7679','行政机构','3','sys_office_type','机构类型',10,'2','2014-06-17 11:09:14','2','2014-06-17 11:09:14',NULL,'0');
UNLOCK TABLES;
/*!40000 ALTER TABLE `sys_dict` ENABLE KEYS */;

--
-- Table structure for table `sys_area`
--

DROP TABLE IF EXISTS `sys_area`;
CREATE TABLE `sys_area` (
  `id` varchar(64) NOT NULL COMMENT '编号',
  `parent_id` varchar(64) NOT NULL COMMENT '父级编号',
  `parent_ids` varchar(2000) NOT NULL COMMENT '所有父级编号',
  `code` varchar(100) default NULL COMMENT '区域编码',
  `name` varchar(100) NOT NULL COMMENT '区域名称',
  `type` char(1) default NULL COMMENT '区域类型',
  `create_by` varchar(64) default NULL COMMENT '创建者',
  `create_date` datetime default NULL COMMENT '创建时间',
  `update_by` varchar(64) default NULL COMMENT '更新者',
  `update_date` datetime default NULL COMMENT '更新时间',
  `remarks` varchar(255) default NULL COMMENT '备注信息',
  `del_flag` char(1) NOT NULL default '0' COMMENT '删除标记',
  PRIMARY KEY  (`id`),
  KEY `sys_area_parent_id` (`parent_id`),
  KEY `sys_area_parent_ids` (`parent_ids`(255)),
  KEY `sys_area_del_flag` (`del_flag`)
) ENGINE=InnoDB DEFAULT CHARSET=utf8 COMMENT='区域表';

--
-- Dumping data for table `sys_area`
--


/*!40000 ALTER TABLE `sys_area` DISABLE KEYS */;
LOCK TABLES `sys_area` WRITE;
INSERT INTO `sys_area` VALUES ('1','0','0,','100000','中国','1','1','2013-05-27 08:00:00','1','2013-05-27 08:00:00',NULL,'0'),('10','8','0,1,2,','370532','历城区','4','1','2013-05-27 08:00:00','1','2013-05-27 08:00:00',NULL,'0'),('11','8','0,1,2,','370533','历城区','4','1','2013-05-27 08:00:00','1','2013-05-27 08:00:00',NULL,'0'),('12','8','0,1,2,','370534','历下区','4','1','2013-05-27 08:00:00','1','2013-05-27 08:00:00',NULL,'0'),('13','8','0,1,2,','370535','天桥区','4','1','2013-05-27 08:00:00','1','2013-05-27 08:00:00',NULL,'0'),('14','8','0,1,2,','370536','槐荫区','4','1','2013-05-27 08:00:00','1','2013-05-27 08:00:00',NULL,'0'),('2','1','0,1,','110000','北京市','2','1','2013-05-27 08:00:00','1','2013-05-27 08:00:00',NULL,'0'),('3','2','0,1,2,','110101','东城区','4','1','2013-05-27 08:00:00','1','2013-05-27 08:00:00',NULL,'0'),('4','2','0,1,2,','110102','西城区','4','1','2013-05-27 08:00:00','1','2013-05-27 08:00:00',NULL,'0'),('5','2','0,1,2,','110103','朝阳区','4','1','2013-05-27 08:00:00','1','2013-05-27 08:00:00',NULL,'0'),('5977035e8b7940d8bc0ddac2fd78d86c','e2dc88faebe74216b0f71b8e40fc0dd9','0,1,e2dc88faebe74216b0f71b8e40fc0dd9,','0775','玉林','3','2','2014-06-17 10:44:47','2','2014-06-17 10:45:04','','0'),('6','2','0,1,2,','110104','丰台区','4','1','2013-05-27 08:00:00','1','2013-05-27 08:00:00',NULL,'0'),('7','2','0,1,2,','110105','海淀区','4','1','2013-05-27 08:00:00','1','2013-05-27 08:00:00',NULL,'0'),('8','1','0,1,','370000','山东省','2','1','2013-05-27 08:00:00','1','2013-05-27 08:00:00',NULL,'0'),('9','8','0,1,2,','370531','济南市','3','1','2013-05-27 08:00:00','1','2013-05-27 08:00:00',NULL,'0'),('ba856d7ab81242fe9f86866043650f88','e2dc88faebe74216b0f71b8e40fc0dd9','0,1,e2dc88faebe74216b0f71b8e40fc0dd9,','0771','南宁','3','2','2014-06-17 10:44:33','2','2014-06-17 10:45:21','','0'),('e2dc88faebe74216b0f71b8e40fc0dd9','1','0,1,','','广西','2','2','2014-06-17 10:44:01','2','2014-06-17 10:44:01','','0');
UNLOCK TABLES;
/*!40000 ALTER TABLE `sys_area` ENABLE KEYS */;

--
-- Table structure for table `sys_office`
--

DROP TABLE IF EXISTS `sys_office`;
CREATE TABLE `sys_office` (
  `id` varchar(64) NOT NULL COMMENT '编号',
  `parent_id` varchar(64) NOT NULL COMMENT '父级编号',
  `parent_ids` varchar(2000) NOT NULL COMMENT '所有父级编号',
  `area_id` varchar(64) NOT NULL COMMENT '归属区域',
  `code` varchar(100) default NULL COMMENT '区域编码',
  `name` varchar(100) NOT NULL COMMENT '机构名称',
  `type` char(1) NOT NULL COMMENT '机构类型',
  `grade` char(1) NOT NULL COMMENT '机构等级',
  `address` varchar(255) default NULL COMMENT '联系地址',
  `zip_code` varchar(100) default NULL COMMENT '邮政编码',
  `master` varchar(100) default NULL COMMENT '负责人',
  `phone` varchar(200) default NULL COMMENT '电话',
  `fax` varchar(200) default NULL COMMENT '传真',
  `email` varchar(200) default NULL COMMENT '邮箱',
  `create_by` varchar(64) default NULL COMMENT '创建者',
  `create_date` datetime default NULL COMMENT '创建时间',
  `update_by` varchar(64) default NULL COMMENT '更新者',
  `update_date` datetime default NULL COMMENT '更新时间',
  `remarks` varchar(255) default NULL COMMENT '备注信息',
  `del_flag` char(1) NOT NULL default '0' COMMENT '删除标记',
  PRIMARY KEY  (`id`),
  KEY `sys_office_parent_id` (`parent_id`),
  KEY `sys_office_parent_ids` (`parent_ids`(255)),
  KEY `sys_office_del_flag` (`del_flag`)
) ENGINE=InnoDB DEFAULT CHARSET=utf8 COMMENT='机构表';

--
-- Dumping data for table `sys_office`
--


/*!40000 ALTER TABLE `sys_office` DISABLE KEYS */;
LOCK TABLES `sys_office` WRITE;
INSERT INTO `sys_office` VALUES ('0229385f04e64de6a693b3b3cb0dea17','f28e1db1482147af87bb4ba1654104ff','0,1,f28e1db1482147af87bb4ba1654104ff,','e2dc88faebe74216b0f71b8e40fc0dd9','','运营管理科','2','2','','','','','','','2','2014-06-17 11:17:47','2','2014-06-17 11:17:47','','0'),('1','0','0,','2','100000','国家总部','1','1',NULL,NULL,NULL,NULL,NULL,NULL,'1','2013-05-27 08:00:00','1','2013-05-27 08:00:00',NULL,'0'),('10','7','0,1,7,','8','200003','市场部','2','2',NULL,NULL,NULL,NULL,NULL,NULL,'1','2013-05-27 08:00:00','1','2013-05-27 08:00:00',NULL,'0'),('11','7','0,1,7,','8','200004','技术部','2','2',NULL,NULL,NULL,NULL,NULL,NULL,'1','2013-05-27 08:00:00','1','2013-05-27 08:00:00',NULL,'0'),('12','7','0,1,7,','9','201000','济南市分公司','1','3',NULL,NULL,NULL,NULL,NULL,NULL,'1','2013-05-27 08:00:00','1','2013-05-27 08:00:00',NULL,'0'),('13','12','0,1,7,12,','9','201001','公司领导','2','3',NULL,NULL,NULL,NULL,NULL,NULL,'1','2013-05-27 08:00:00','1','2013-05-27 08:00:00',NULL,'0'),('14','12','0,1,7,12,','9','201002','综合部','2','3',NULL,NULL,NULL,NULL,NULL,NULL,'1','2013-05-27 08:00:00','1','2013-05-27 08:00:00',NULL,'0'),('15','12','0,1,7,12,','9','201003','市场部','2','3',NULL,NULL,NULL,NULL,NULL,NULL,'1','2013-05-27 08:00:00','1','2013-05-27 08:00:00',NULL,'0'),('16','12','0,1,7,12,','9','201004','技术部','2','3',NULL,NULL,NULL,NULL,NULL,NULL,'1','2013-05-27 08:00:00','1','2013-05-27 08:00:00',NULL,'0'),('17','12','0,1,7,12,','11','201010','济南市历城区分公司','1','4',NULL,NULL,NULL,NULL,NULL,NULL,'1','2013-05-27 08:00:00','1','2013-05-27 08:00:00',NULL,'0'),('18','17','0,1,7,12,17,','11','201011','公司领导','2','4',NULL,NULL,NULL,NULL,NULL,NULL,'1','2013-05-27 08:00:00','1','2013-05-27 08:00:00',NULL,'0'),('19','17','0,1,7,12,17,','11','201012','综合部','2','4',NULL,NULL,NULL,NULL,NULL,NULL,'1','2013-05-27 08:00:00','1','2013-05-27 08:00:00',NULL,'0'),('2','1','0,1,','2','100001','公司领导','2','1',NULL,NULL,NULL,NULL,NULL,NULL,'1','2013-05-27 08:00:00','1','2013-05-27 08:00:00',NULL,'0'),('20','17','0,1,7,12,17,','11','201013','市场部','2','4',NULL,NULL,NULL,NULL,NULL,NULL,'1','2013-05-27 08:00:00','1','2013-05-27 08:00:00',NULL,'0'),('21','17','0,1,7,12,17,','11','201014','技术部','2','4',NULL,NULL,NULL,NULL,NULL,NULL,'1','2013-05-27 08:00:00','1','2013-05-27 08:00:00',NULL,'0'),('22','12','0,1,7,12,','12','201020','济南市历下区分公司','1','4',NULL,NULL,NULL,NULL,NULL,NULL,'1','2013-05-27 08:00:00','1','2013-05-27 08:00:00',NULL,'0'),('23','22','0,1,7,12,22,','12','201021','公司领导','2','4',NULL,NULL,NULL,NULL,NULL,NULL,'1','2013-05-27 08:00:00','1','2013-05-27 08:00:00',NULL,'0'),('24','22','0,1,7,12,22,','12','201022','综合部','2','4',NULL,NULL,NULL,NULL,NULL,NULL,'1','2013-05-27 08:00:00','1','2013-05-27 08:00:00',NULL,'0'),('25','22','0,1,7,12,22,','12','201023','市场部','2','4',NULL,NULL,NULL,NULL,NULL,NULL,'1','2013-05-27 08:00:00','1','2013-05-27 08:00:00',NULL,'0'),('26','22','0,1,7,12,22,','12','201024','技术部','2','4',NULL,NULL,NULL,NULL,NULL,NULL,'1','2013-05-27 08:00:00','1','2013-05-27 08:00:00',NULL,'0'),('3','1','0,1,','2','100002','人力部','2','1',NULL,NULL,NULL,NULL,NULL,NULL,'1','2013-05-27 08:00:00','1','2013-05-27 08:00:00',NULL,'0'),('3ddcf0baddc84521897fb5b9d8e2e24b','70a257e818b1450cace222e14ccc277a','0,1,70a257e818b1450cace222e14ccc277a,','e2dc88faebe74216b0f71b8e40fc0dd9','','财务部','2','2','','','','','','','2','2014-06-17 11:47:01','2','2014-06-17 11:47:01','','0'),('4','1','0,1,','2','100003','市场部','2','1',NULL,NULL,NULL,NULL,NULL,NULL,'1','2013-05-27 08:00:00','1','2013-05-27 08:00:00',NULL,'0'),('5','1','0,1,','2','100004','技术部','2','1',NULL,NULL,NULL,NULL,NULL,NULL,'1','2013-05-27 08:00:00','1','2013-05-27 08:00:00',NULL,'0'),('6','1','0,1,','2','100005','研发部','2','1',NULL,NULL,NULL,NULL,NULL,NULL,'1','2013-05-27 08:00:00','1','2013-05-27 08:00:00',NULL,'0'),('7','1','0,1,','8','200000','山东省分公司','1','2',NULL,NULL,NULL,NULL,NULL,NULL,'1','2013-05-27 08:00:00','1','2013-05-27 08:00:00',NULL,'0'),('70a257e818b1450cace222e14ccc277a','1','0,1,','e2dc88faebe74216b0f71b8e40fc0dd9','','某某路桥公司','1','1','','','','','','','2','2014-06-17 11:44:55','2','2014-06-17 11:44:55','','0'),('8','7','0,1,7,','8','200001','公司领导','2','2',NULL,NULL,NULL,NULL,NULL,NULL,'1','2013-05-27 08:00:00','1','2013-05-27 08:00:00',NULL,'0'),('9','7','0,1,7,','8','200002','综合部','2','2',NULL,NULL,NULL,NULL,NULL,NULL,'1','2013-05-27 08:00:00','1','2013-05-27 08:00:00',NULL,'0'),('a89c53f47a6543edabcd498e823fce51','70a257e818b1450cace222e14ccc277a','0,1,70a257e818b1450cace222e14ccc277a,','e2dc88faebe74216b0f71b8e40fc0dd9','','工程部','2','2','','','','','','','2','2014-06-17 11:45:53','2','2014-06-17 11:45:53','','0'),('b087849c0e574fb0a35f6b8250fa3a39','f28e1db1482147af87bb4ba1654104ff','0,1,f28e1db1482147af87bb4ba1654104ff,','e2dc88faebe74216b0f71b8e40fc0dd9','','监察室','2','2','','','','','','','2','2014-06-17 11:19:54','2','2014-06-17 11:19:54','','0'),('d968b425829847d8b4496e29c263e751','f28e1db1482147af87bb4ba1654104ff','0,1,f28e1db1482147af87bb4ba1654104ff,','e2dc88faebe74216b0f71b8e40fc0dd9','','规划建设管理科','2','2','','','','','','','2','2014-06-17 11:17:00','2','2014-06-17 11:17:00','','0'),('e59ab947cbc14778bd5e3a4152a2c43c','f28e1db1482147af87bb4ba1654104ff','0,1,f28e1db1482147af87bb4ba1654104ff,','e2dc88faebe74216b0f71b8e40fc0dd9','','通行费清分结算科','2','2','','','','','','','2','2014-06-17 11:13:43','2','2014-06-17 11:13:43','','0'),('f28e1db1482147af87bb4ba1654104ff','1','0,1,','e2dc88faebe74216b0f71b8e40fc0dd9','','广西壮族自治区高速公路管理局','3','1','','','','','','','2','2014-06-17 11:05:58','2','2014-06-17 11:10:41','','0');
UNLOCK TABLES;
/*!40000 ALTER TABLE `sys_office` ENABLE KEYS */;
/*!40103 SET TIME_ZONE=@OLD_TIME_ZONE */;

/*!40101 SET SQL_MODE=@OLD_SQL_MODE */;
/*!40014 SET FOREIGN_KEY_CHECKS=@OLD_FOREIGN_KEY_CHECKS */;
/*!40014 SET UNIQUE_CHECKS=@OLD_UNIQUE_CHECKS */;
/*!40101 SET CHARACTER_SET_CLIENT=@OLD_CHARACTER_SET_CLIENT */;
/*!40101 SET CHARACTER_SET_RESULTS=@OLD_CHARACTER_SET_RESULTS */;
/*!40101 SET COLLATION_CONNECTION=@OLD_COLLATION_CONNECTION */;
/*!40111 SET SQL_NOTES=@OLD_SQL_NOTES */;

